name,pos,team,rostered,cbsRank
Khaman Maluach,C,PHO,21.0,127
Brayden Burries,SG,MIL,17.0,145
Ron Holland,SF,DET,10.0,167
Sam Hauser,SF,BOS,8.0,175
Paul Reed,C,DET,6.0,179
Zaccharie Risacher,SF,DAL,31.0,184
Isaiah Joe,SG,DET,8.0,192
Max Strus,SG,LAC,15.0,194
Dailyn Swain,SF,CHI,6.0,199
Tre Johnson,SG,WAS,38.0,200
Jared McCain,SG,OKC,23.0,999
Nikola Topic,PG,OKC,15.0,999
Hannes Steinbach,PF,CHA,13.0,999
Kasparas Jakucionis,SG,MIL,13.0,999
Aday Mara,C,OKC,10.0,999
Chris Cenac Jr.,PF,BOS,10.0,999
Dylan Cardwell,C,SAC,10.0,999
Hugo Gonzalez,SG,BOS,10.0,999
Joan Beringer,C,MIN,10.0,999
Obi Toppin,PF,IND,10.0,999
Allen Graves,PF,TOR,8.0,999
Asa Newell,PF,ATL,8.0,999
Cameron Carr,SG,LAL,8.0,999
Carter Bryant,SF,SA,8.0,999
Ebuka Okorie,PG,DET,8.0,999
Gary Payton II,PG,GS,8.0,999
Keon Ellis,SG,BKN,8.0,999
Koa Peat,PF,PHO,8.0,999
Moses Moody,SG,GS,8.0,999
Ben Simmons,SG,SAC,6.0,999
Bradley Beal,SG,LAC,6.0,999
Christian Anderson,PG,CHA,6.0,999
Labaron Philon,PG,PHI,6.0,999
T.J. McConnell,PG,IND,6.0,999
Adou Thiero,SF,LAL,4.0,999
Isaiah Evans,SG,MIN,4.0,999
Baylor Scheierman,SG,BOS,2.0,999
Bogdan Bogdanovic,SG,HOU,2.0,999
Carmelo Anthony,PF,LAL,2.0,999
Charles Bassey,C,GS,2.0,999
Dom Barlow,PF,PHI,2.0,999
Dru Smith,SG,MIA,2.0,999
Michael Beasley,SF,BKN,2.0,999
Moe Wagner,C,BKN,2.0,999
Noah Penda,SF,ORL,2.0,999
Rocco Zikarsky,C,MIN,2.0,999
Sion James,SG,CHA,2.0,999
Terrence Shannon Jr.,SG,MIN,2.0,999
