name,gp,fgm,fga,ftm,fta,threepm,pts,reb,ast,stl,turnovers,blk
Luka Doncic,79.3,718.8,1566.2,590.6,752.0,257.8,2285.3,587.8,580.6,122.2,322.4,34.0
Shai Gilgeous-Alexander,78.3,842.4,1625.5,643.3,725.0,136.0,2463.6,328.1,480.6,118.9,184.8,58.8
Cade Cunningham,78.3,695.4,1509.1,372.8,447.7,167.9,1932.6,468.6,722.0,99.7,323.5,67.5
Tyrese Maxey,78.4,724.1,1524.3,382.9,432.3,213.7,2044.3,321.6,485.2,122.6,180.8,55.0
Anthony Edwards,78.4,718.8,1576.4,410.2,506.5,266.0,2113.9,467.9,349.3,108.9,229.4,55.7
Tyrese Haliburton,78.4,516.7,1087.4,192.4,227.4,210.8,1437.4,290.7,743.8,88.1,138.9,41.2
LaMelo Ball,78.4,595.8,1428.2,261.6,300.2,254.2,1706.1,392.3,594.5,114.9,228.9,22.5
Jalen Brunson,78.3,700.6,1492.0,404.2,484.6,192.3,1998.0,252.0,523.6,64.9,193.9,9.4
James Harden,78.3,470.1,1105.0,427.2,489.9,214.5,1580.2,434.7,621.5,104.0,256.0,41.4
Stephen Curry,79.3,663.7,1481.6,370.6,399.3,373.4,2071.5,331.2,427.0,98.6,246.5,31.5
Devin Booker,78.3,639.3,1431.0,480.0,546.4,153.7,1913.0,324.7,481.2,81.6,229.0,18.9
Damian Lillard,78.3,518.5,1221.1,500.3,544.4,236.2,1773.0,336.7,479.1,107.2,251.7,16.2
Jamal Murray,78.3,605.2,1291.8,307.2,344.9,192.2,1709.1,325.8,465.5,73.0,165.4,39.1
Kyrie Irving,78.3,679.3,1441.9,287.6,314.1,184.3,1830.6,329.0,381.6,90.6,153.7,27.9
Darius Acuff Jr.,78.3,575.3,1231.5,215.1,274.1,227.8,1594.3,262.3,573.2,132.0,308.1,17.1
Trae Young,78.3,440.0,1082.9,421.0,484.8,148.7,1449.6,211.5,599.3,67.2,307.8,14.8
Austin Reaves,79.3,490.3,1059.0,428.1,490.5,181.1,1590.7,350.9,400.3,79.5,227.0,27.5
Ja Morant,78.3,493.8,1162.8,407.5,483.5,111.0,1506.7,279.4,468.4,82.3,281.0,22.4
Darius Garland,78.3,534.0,1143.0,216.9,247.7,196.0,1480.2,207.2,476.4,90.1,211.3,14.6
De'Aaron Fox,78.3,516.0,1100.5,220.3,278.1,124.0,1375.1,299.1,432.0,93.5,173.1,23.1
Immanuel Quickley,78.3,431.1,973.4,206.5,246.2,189.9,1257.8,295.2,443.4,85.6,120.1,7.9
Keyonte George,78.3,443.1,1059.6,351.8,409.1,167.7,1406.5,251.2,429.5,72.7,190.9,14.5
Dejounte Murray,78.3,415.9,963.6,221.6,265.7,92.4,1146.0,414.5,424.6,102.1,223.4,16.2
Darryn Peterson,78.3,494.4,1124.0,218.5,276.6,228.2,1435.4,320.0,279.1,121.3,152.6,18.1
CJ McCollum,78.4,551.2,1211.5,155.7,211.1,206.3,1463.4,243.2,312.2,63.0,136.7,31.2
Mikel Brown Jr.,78.3,402.0,918.2,214.2,272.9,146.6,1163.1,240.8,501.5,136.3,297.5,19.4
Payton Pritchard,78.3,479.2,1049.1,110.6,127.1,245.0,1313.8,295.5,315.6,54.5,106.1,7.8
Keaton Wagler,78.3,447.0,944.6,139.1,177.2,204.7,1238.0,236.6,336.4,111.6,170.4,15.8
Jalen Suggs,78.3,382.4,915.1,148.6,170.5,151.3,1063.5,308.1,357.5,124.4,193.5,56.9
Fred VanVleet,78.4,318.6,789.5,132.4,156.9,181.5,952.9,258.4,378.9,96.7,111.1,31.4
Brandin Podziemski,79.3,366.6,831.1,157.9,203.4,160.5,1052.7,404.4,280.6,95.5,122.0,16.4
Ty Jerome,78.3,399.8,851.0,184.9,212.4,140.8,1122.7,202.4,331.9,93.8,140.9,7.6
Jrue Holiday,78.3,341.2,772.1,121.9,142.5,127.2,931.5,327.8,333.1,79.0,175.4,22.7
Kingston Flemings,78.4,382.2,850.1,107.4,136.8,170.7,1040.8,167.2,330.9,90.9,151.6,11.2
Davion Mitchell,78.4,263.4,539.8,61.4,93.9,95.4,684.6,186.5,445.7,82.6,120.6,16.6
Ryan Rollins,78.3,339.8,739.4,82.4,103.4,124.4,887.3,229.6,290.4,83.0,147.2,22.9
Jeremiah Fears,78.3,331.6,758.2,150.0,190.3,77.3,890.9,230.3,203.4,69.8,138.3,22.2
De'Anthony Melton,79.3,287.3,737.0,156.1,193.2,114.9,846.4,239.4,174.6,112.4,125.1,28.4
Kevin Porter,78.3,245.0,554.0,111.7,135.7,51.2,650.3,208.0,261.5,70.4,116.2,14.9
Collin Gillespie,78.3,209.5,500.0,49.8,57.5,131.8,600.4,235.4,233.7,79.1,71.6,13.9
T.J. McConnell,78.4,270.2,499.6,37.0,47.3,14.8,593.6,151.4,293.5,54.8,78.2,9.7
Scoot Henderson,78.3,230.8,545.1,150.6,190.3,91.1,703.4,159.7,228.9,54.5,141.6,15.9
Tre Jones,78.3,219.5,407.2,119.7,143.0,28.1,588.0,142.0,249.4,54.6,62.6,7.4
Dennis Schroder,78.4,205.4,514.5,105.5,126.6,95.3,615.2,146.5,254.9,38.6,101.6,7.5
Jamal Shead,78.3,168.5,424.2,59.6,77.4,69.2,462.9,112.2,316.0,59.9,92.4,9.8
Daniss Jenkins,78.3,202.2,506.2,110.0,135.0,71.3,585.9,156.3,229.7,50.1,89.4,15.8
Scotty Pippen Jr.,78.3,185.9,412.1,91.5,122.6,64.4,530.4,156.1,229.3,72.8,98.0,15.0
Russell Westbrook,0.7,1.8,4.2,0.6,0.9,0.5,4.8,1.8,2.1,0.5,1.3,0.1
Carlton Carrington,78.3,185.9,452.0,54.6,71.5,83.8,514.0,206.9,230.7,33.9,109.7,14.8
Luke Kennard,78.3,199.4,411.4,50.5,56.6,109.1,559.2,188.0,162.3,61.7,59.7,9.4
Kris Dunn,78.3,165.2,353.5,27.6,37.0,66.8,423.3,212.0,194.5,99.6,63.7,16.5
Jordan Poole,28.7,84.5,189.1,51.9,59.2,39.8,257.0,39.1,54.5,14.7,34.2,7.4
Kennedy Chandler,28.7,67.2,158.0,37.7,58.0,21.7,196.0,46.0,83.1,13.9,31.3,0.0
Mike Conley,78.3,146.4,391.9,55.9,61.9,107.9,452.9,158.7,206.9,48.0,47.9,15.2
Jose Alvarado,78.3,167.4,401.3,36.0,45.5,95.0,466.9,140.3,197.0,57.4,63.1,9.4
Reed Sheppard,78.4,198.9,477.7,34.0,42.4,116.5,549.7,130.8,144.2,65.8,69.5,30.9
Jared McCain,78.3,244.6,547.1,67.6,78.5,106.8,666.1,130.9,98.1,36.7,55.4,0.2
Donte DiVincenzo,2.8,5.7,14.4,1.1,1.5,3.9,16.4,5.8,5.7,2.3,2.2,0.7
Miles McBride,78.3,180.9,445.5,42.4,52.5,111.0,515.0,129.3,130.8,46.8,36.5,16.5
Ben Simmons,76.4,65.5,120.1,10.1,18.9,0.0,142.5,167.4,310.0,25.7,68.0,18.5
Tyus Jones,78.3,139.3,310.2,23.0,26.6,67.7,365.6,105.4,218.2,34.2,38.8,0.2
Walter Clayton Jr.,78.3,133.4,350.2,77.4,85.9,60.2,407.7,109.2,204.5,35.3,86.7,16.2
Brandon Williams,28.7,53.0,120.6,45.6,56.9,15.8,170.7,40.4,59.3,17.9,26.4,0.2
Dru Smith,78.4,123.4,273.3,70.3,85.5,38.1,351.1,147.3,154.6,98.7,51.3,22.9
Alex Caruso,78.3,148.2,340.7,54.5,67.1,67.6,422.0,153.8,117.9,86.2,43.8,22.1
Jordan Clarkson,78.3,206.3,476.7,86.4,106.8,65.9,564.7,125.2,103.4,30.8,63.6,9.4
Marcus Smart,78.4,146.0,368.5,78.2,97.9,72.1,438.8,143.6,139.8,64.6,78.0,23.1
KJ Simpson,78.3,145.0,377.7,61.6,80.6,41.5,396.5,139.2,169.6,48.7,64.9,9.6
Craig Porter Jr.,77.1,114.6,241.9,28.4,43.6,31.3,289.5,181.2,179.9,49.6,60.7,29.5
Ryan Nembhard,28.7,44.1,88.7,6.0,7.4,14.3,105.2,31.6,83.2,7.4,18.2,0.0
Javon Small,29.9,46.5,109.7,26.0,31.4,23.4,145.1,50.5,57.3,11.7,21.5,0.3
Ebuka Okorie,78.3,148.2,334.3,43.2,57.5,57.8,393.4,83.4,138.7,31.5,50.3,7.9
Killian Hayes,28.7,38.8,102.0,19.9,22.2,14.8,103.5,40.0,61.9,15.7,21.5,6.3
Sion James,78.4,91.9,245.4,49.6,59.3,57.1,287.9,184.9,104.2,33.0,42.8,14.8
Lucas Williamson,28.7,41.0,109.7,12.8,14.8,22.0,119.3,51.6,41.0,15.4,18.0,0.0
Nolan Traore,28.7,41.5,120.5,17.4,22.1,14.8,124.0,22.6,53.3,10.7,32.8,8.3
Kasparas Jakucionis,78.3,99.2,222.7,45.8,52.1,64.3,302.5,115.1,120.1,29.0,54.2,7.4
Christian Anderson,78.4,117.6,280.2,28.3,37.7,65.9,332.1,59.9,107.6,17.8,41.1,1.3
Sharife Cooper,28.7,41.0,82.7,19.0,22.9,7.4,109.8,35.4,41.2,7.4,21.9,0.0
Marcus Sasser,78.3,114.4,263.4,31.0,36.8,51.6,307.9,57.5,113.5,25.6,40.7,1.5
Bones Hyland,28.7,40.5,91.4,12.0,14.8,25.6,119.9,28.8,34.8,9.0,15.7,0.0
Quenton Jackson,28.7,41.2,89.9,24.7,30.5,7.7,111.9,29.5,37.6,7.4,13.6,0.0
Rob Dillingham,78.4,111.9,273.2,20.7,29.8,36.9,274.9,85.2,109.2,25.6,70.3,0.2
EJ Harkless,28.7,26.6,74.5,20.8,28.0,9.6,79.5,34.6,32.2,20.0,11.6,7.9
L.J. Cryer,29.1,45.5,105.9,17.7,19.8,35.1,140.4,24.7,17.1,0.0,10.2,0.0
Labaron Philon,78.4,104.0,228.2,27.7,37.0,38.8,267.8,51.0,78.8,16.8,28.3,0.5
Tyson Etienne,28.7,35.4,91.7,18.2,22.0,24.5,106.1,17.2,23.4,7.4,10.6,0.0
Chucky Hepburn,28.7,30.3,80.3,8.1,10.8,13.3,77.7,15.5,39.7,7.5,14.9,0.0
Jaden Hardy,29.1,41.8,103.4,16.3,22.9,22.4,124.9,21.4,15.0,7.5,19.3,0.0
Bennett Stirtz,78.3,96.2,219.5,20.2,27.0,39.7,254.1,37.0,60.1,16.3,19.2,0.0
Jalen Pickett,28.7,26.9,58.1,0.1,0.2,14.7,62.7,28.4,28.9,7.8,7.7,0.0
Gabe Vincent,28.7,30.4,71.7,6.1,7.7,20.0,83.0,20.1,22.1,7.6,7.4,0.0
Kam Jones,28.7,25.9,65.2,0.0,0.0,7.4,51.8,22.3,39.5,7.5,14.3,0.0
Tyrese Proctor,28.7,26.8,60.5,13.2,14.8,11.5,80.1,17.1,23.5,8.8,10.0,0.0
Isaiah Stevens,28.7,24.6,54.7,6.0,7.9,7.4,57.6,16.2,35.0,8.3,13.0,0.0
Kyle Lowry,28.7,13.2,41.2,11.2,13.7,7.6,41.8,23.5,30.1,7.5,7.4,8.3
Jevon Carter,28.7,27.1,65.6,5.8,7.4,16.2,71.7,15.4,18.0,8.3,7.4,0.0
Tyler Kolek,28.7,18.2,41.2,5.7,7.6,7.4,44.6,15.7,30.4,7.2,8.4,0.0
Sean Pedulla,28.7,29.2,57.6,5.7,7.4,12.8,71.8,15.3,14.8,3.9,7.4,0.0
Braden Smith,28.7,26.6,57.4,5.7,7.6,9.2,63.4,7.4,22.1,1.5,7.4,0.0
Donovan Mitchell,78.3,719.4,1556.5,401.0,480.9,247.5,2086.0,379.7,424.8,119.6,202.8,22.2
Jaylen Brown,78.4,741.9,1540.7,456.1,586.1,103.8,2042.9,483.7,339.7,96.8,266.3,32.4
Jalen Williams,78.3,592.1,1230.9,282.9,354.3,108.7,1575.8,367.1,371.6,106.9,156.6,34.7
Tyler Herro,78.3,585.9,1243.5,238.3,268.8,223.6,1634.3,334.4,347.9,54.5,193.1,14.8
Brandon Ingram,73.3,558.7,1142.6,243.1,296.4,161.7,1522.7,412.8,248.4,58.6,180.1,48.4
Amen Thompson,78.4,465.7,852.7,250.2,338.8,24.9,1207.3,588.6,346.6,109.8,173.0,72.0
Derrick White,78.3,473.0,1157.5,193.7,222.1,259.8,1399.2,344.5,366.5,72.5,154.1,78.7
Stephon Castle,78.3,439.4,968.2,297.4,400.0,91.2,1269.4,354.0,447.2,77.0,208.4,22.1
Desmond Bane,78.3,505.6,1083.9,243.8,270.4,150.9,1406.2,373.4,318.5,89.9,156.9,33.2
Coby White,78.4,504.0,1160.8,330.8,382.7,247.0,1586.5,287.1,321.3,59.9,222.9,14.8
Andrew Nembhard,78.4,409.8,875.7,179.0,220.0,107.2,1103.9,248.7,525.2,82.0,156.3,14.3
Jalen Green,78.3,538.4,1254.9,212.0,267.5,210.4,1499.4,346.4,272.0,88.5,187.4,27.5
Brandon Miller,78.4,519.4,1215.8,211.1,238.8,262.6,1513.7,341.2,249.5,70.1,192.7,50.3
VJ Edgecombe,78.4,443.8,972.5,140.3,173.2,138.6,1166.6,451.5,302.4,100.4,140.1,40.9
Dyson Daniels,78.4,399.9,807.0,68.0,112.7,48.5,914.7,442.6,375.7,167.3,134.9,39.1
Dylan Harper,78.3,469.6,921.4,146.0,185.8,88.7,1172.8,346.7,340.6,74.5,136.4,24.1
Zach LaVine,78.3,542.2,1058.5,225.0,266.7,185.8,1494.6,261.0,244.1,61.3,180.5,16.9
Kon Knueppel,78.4,458.0,986.5,170.1,197.2,256.8,1343.0,367.4,239.8,49.7,143.6,14.8
Norman Powell,78.3,515.5,1105.5,274.0,336.0,203.7,1509.1,220.0,168.0,69.3,140.0,14.8
Collin Sexton,79.3,424.6,840.4,291.1,338.7,106.6,1247.3,177.1,255.2,81.2,151.7,7.5
Nickeil Alexander-Walker,78.4,364.6,826.5,150.4,174.3,166.3,1045.8,221.1,242.6,67.9,120.8,33.4
Isaiah Collier,78.3,235.4,520.1,132.8,188.2,31.0,632.3,180.5,428.2,72.6,159.2,14.9
Klay Thompson,78.4,361.0,870.5,56.4,66.6,239.4,1017.3,209.4,148.0,53.1,75.1,24.0
Anfernee Simons,78.4,322.0,708.2,125.1,139.0,129.4,895.2,154.6,206.4,41.8,88.0,8.3
Malik Monk,78.3,298.2,660.9,100.2,115.2,116.3,812.4,152.5,234.3,44.0,115.8,28.8
Egor Demin,78.3,245.1,613.0,74.2,89.4,164.7,725.5,224.9,235.5,57.9,119.9,25.7
Cason Wallace,78.3,246.2,542.7,42.8,53.6,90.4,623.3,224.6,180.6,138.9,65.0,29.4
Bennedict Mathurin,78.3,276.7,628.7,264.6,310.2,64.1,880.3,288.1,92.8,36.9,110.8,14.8
Bilal Coulibaly,78.3,226.9,519.3,142.1,190.5,50.9,645.9,250.6,149.9,68.2,95.4,44.3
Isaiah Joe,78.3,243.3,548.0,86.2,98.7,171.9,747.2,216.1,115.9,52.1,54.0,15.8
Grayson Allen,78.4,240.6,573.0,107.4,128.0,166.9,751.5,171.0,149.6,49.1,77.1,14.8
Sam Merrill,78.3,230.3,533.8,58.7,67.2,170.5,689.4,184.7,146.6,55.0,47.3,14.4
Kevin Huerter,78.3,239.8,540.5,46.4,61.4,99.7,623.2,221.8,147.6,76.2,69.4,32.5
Luguentz Dort,78.4,226.5,568.5,35.7,49.5,150.7,638.5,261.2,113.2,61.9,64.5,27.1
Shaedon Sharpe,9.2,33.8,72.1,15.5,19.8,9.8,91.8,22.6,12.8,5.5,12.1,0.2
Moses Moody,59.9,180.3,416.0,79.7,101.3,105.3,542.7,147.3,71.1,46.4,41.5,21.5
Tim Hardaway Jr.,78.4,241.7,578.9,116.0,140.4,147.4,744.5,164.0,95.1,40.3,37.3,8.3
Brice Sensabaugh,78.3,257.0,563.8,96.6,114.7,117.6,726.9,166.1,102.2,45.2,84.4,7.4
Cam Spencer,77.1,156.3,332.1,78.8,83.4,88.4,478.3,108.7,224.4,33.8,52.3,7.2
Ajay Mitchell,78.3,223.9,464.9,102.0,118.0,48.7,595.7,142.6,149.1,53.1,62.6,7.6
Khris Middleton,78.3,196.5,453.1,100.8,116.1,53.7,552.5,194.1,163.6,39.2,93.7,7.4
Julian Champagnie,78.3,187.6,432.9,64.6,75.4,119.9,562.0,278.1,79.1,44.8,43.3,22.6
Jordan Goodwin,78.3,162.9,393.3,27.1,38.8,75.3,430.8,280.5,113.7,95.4,53.5,18.7
D'Angelo Russell,28.7,59.5,152.3,28.3,35.4,29.5,180.7,38.1,72.7,15.0,27.7,2.4
Nique Clifford,78.3,187.7,431.0,45.8,63.5,66.0,490.8,203.3,134.6,51.5,86.7,16.9
Ja'Kobe Walter,78.3,184.7,431.4,76.6,95.8,95.6,538.6,191.5,87.7,66.1,43.6,15.8
Tre Johnson,78.3,225.2,540.6,75.8,87.6,86.5,612.4,155.6,102.8,28.8,84.9,14.8
Bogdan Bogdanovic,78.4,184.6,446.6,57.6,67.1,92.4,521.2,175.9,127.1,33.2,75.2,8.3
Ben Saraf,78.3,157.2,400.2,95.1,114.7,25.5,432.7,124.7,191.2,50.2,124.6,15.9
Zaccharie Risacher,78.3,218.1,479.3,61.3,88.8,64.3,561.0,188.6,56.9,33.0,48.4,28.6
Kentavious Caldwell-Pope,78.4,167.5,362.0,68.2,77.1,68.5,467.9,139.2,112.2,62.4,48.2,18.4
Corey Kispert,78.4,195.5,422.3,62.3,76.1,90.1,547.6,134.8,95.2,22.0,45.2,7.8
Malachi Smith,28.7,51.1,99.0,7.0,7.4,17.1,128.7,61.6,58.9,10.5,13.5,7.9
Cormac Ryan,28.7,69.3,131.3,34.6,37.5,28.9,203.5,37.2,24.3,14.9,17.4,7.1
Buddy Hield,77.1,176.6,411.9,33.7,40.4,93.2,480.5,143.4,76.7,35.0,54.4,14.4
Bez Mbeng,28.7,41.0,87.8,14.2,22.1,7.4,103.5,51.1,53.6,26.1,20.9,6.1
Gary Trent Jr.,78.3,179.8,441.1,42.5,52.0,114.5,516.3,86.1,63.7,45.4,32.9,0.2
Devin Carter,78.4,122.7,315.3,63.9,94.4,40.6,353.4,145.2,116.5,49.2,52.0,7.9
Isaac Okoro,78.3,152.3,336.1,56.4,73.7,54.6,414.3,130.0,78.3,37.6,34.4,22.1
Ziaire Williams,29.1,49.3,114.5,32.5,38.8,22.3,158.2,57.7,15.0,16.0,15.1,7.5
Keon Ellis,78.3,123.2,286.3,41.2,51.8,80.9,374.0,107.0,61.1,69.2,42.6,40.6
Brayden Burries,78.3,153.0,365.4,41.0,53.6,82.1,427.9,89.3,81.7,26.8,46.3,7.4
Caris LeVert,29.9,48.9,116.2,16.6,23.7,21.5,139.1,38.0,39.5,8.6,18.4,7.7
Jordan Hawkins,77.1,149.9,404.8,45.8,55.5,85.6,430.9,117.6,55.4,19.6,46.1,14.4
Dalano Banton,28.7,46.3,111.2,19.8,26.8,20.1,137.7,31.0,33.9,7.5,17.1,7.8
Tre Mann,78.3,136.7,363.1,38.5,43.8,39.2,352.4,97.7,93.4,27.2,64.6,7.4
Blake Hinson,28.7,56.8,113.4,11.1,14.8,38.0,165.5,29.6,14.8,5.0,7.4,0.0
Adama-Alpha Bal,28.7,42.4,102.4,14.5,17.5,23.4,126.7,37.3,28.1,10.5,12.1,0.0
Drake Powell,78.3,119.0,301.4,57.5,64.2,42.4,340.0,95.4,76.6,30.0,50.0,15.7
Landry Shamet,78.3,132.8,295.4,31.2,45.1,89.4,389.4,81.6,50.5,24.5,27.3,9.4
Dante Exum,28.7,40.8,89.9,16.9,22.3,14.6,120.2,24.0,37.1,7.8,21.1,0.0
AJ Green,28.7,41.1,101.3,6.2,7.5,34.6,123.4,33.5,23.6,7.5,10.5,0.0
Cameron Carr,79.3,137.5,325.9,40.3,52.7,69.6,386.8,65.8,52.4,20.4,33.1,7.5
Ethan Thompson,28.7,38.6,85.9,18.0,22.9,14.9,102.1,30.0,29.2,7.4,7.6,7.6
Terance Mann,28.7,40.3,82.6,11.0,14.8,14.1,100.1,41.7,30.8,7.4,14.7,0.0
Josh Okogie,78.3,98.1,227.8,48.5,71.4,43.6,283.9,119.9,50.5,51.8,33.0,7.9
Jordan Miller,8.4,12.3,22.1,6.5,8.4,2.2,31.8,10.6,7.9,2.6,4.1,0.0
Terrence Shannon Jr.,78.4,111.4,250.4,65.7,78.0,32.8,323.9,88.2,55.2,20.4,31.0,6.0
Jahmai Mashack,28.7,37.7,92.2,8.1,14.9,7.4,83.6,39.2,32.8,15.4,22.7,7.4
John Poulakidas,28.7,41.0,89.3,6.3,7.4,31.2,114.5,32.9,14.8,7.5,7.2,7.4
Ryan Conwell,78.4,128.1,299.6,30.0,39.2,62.4,344.6,56.8,53.6,18.0,24.6,2.2
Will Richard,29.1,36.6,76.5,11.4,13.4,16.8,98.4,38.8,19.3,18.4,10.3,0.0
Seth Curry,29.1,44.4,80.7,11.0,12.7,24.5,119.1,21.8,17.1,8.9,8.3,0.0
Isaiah Evans,78.4,117.3,280.6,26.9,35.1,61.6,321.7,55.6,45.7,18.1,24.1,7.5
Pat Spencer,28.7,33.9,74.1,6.0,7.7,7.7,76.1,30.9,32.6,8.8,14.2,0.0
Richie Saunders,21.4,28.1,65.2,8.4,11.0,14.3,72.7,17.3,15.7,5.7,9.1,0.0
Josh Green,28.7,32.8,62.6,10.7,14.7,14.8,82.3,26.3,18.6,14.9,11.7,0.0
Hayden Gray,28.7,36.2,82.6,11.3,14.8,14.9,89.4,18.5,21.3,7.4,12.3,0.0
AJ Johnson,28.7,32.5,73.4,13.1,15.3,8.7,82.0,21.9,22.1,7.4,11.9,0.0
Antonio Reeves,28.7,40.6,76.1,5.9,7.4,22.0,97.6,20.8,11.4,7.3,7.4,0.0
Blake Wesley,28.7,26.2,54.3,11.5,19.5,7.3,69.2,14.8,25.6,8.0,13.4,0.0
Keaton Wallace,28.7,23.3,53.5,6.2,7.7,8.3,55.8,14.8,29.2,7.4,7.6,0.0
Jett Howard,28.7,32.6,60.0,6.3,7.4,15.4,81.6,21.7,12.7,0.0,7.4,0.0
Taelon Peter,28.7,24.6,57.1,4.8,7.6,14.8,65.6,21.3,15.5,7.5,7.4,0.0
Jase Richardson,28.7,24.6,56.6,8.4,11.7,8.1,62.2,22.8,14.8,8.3,7.4,0.0
Jaylen Clark,28.7,24.6,45.0,10.5,14.8,8.8,65.7,25.9,8.5,11.3,4.9,0.0
Aaron Holiday,28.7,24.7,58.5,6.2,7.5,15.7,65.9,15.2,15.0,7.6,7.6,0.0
Andre Jackson Jr.,28.7,21.9,41.1,4.3,7.5,7.4,52.0,30.0,14.8,7.5,12.2,0.0
Meleek Thomas,28.7,32.1,60.7,5.6,7.4,17.5,87.9,8.5,8.6,0.4,8.1,0.0
Nikola Topic,28.7,16.4,48.3,3.0,7.4,0.0,32.8,17.7,32.1,8.3,19.2,0.0
Josh Giddey,78.3,474.4,1056.0,260.0,336.4,129.7,1336.7,609.1,669.9,93.4,270.9,47.3
Kawhi Leonard,74.3,675.5,1383.2,325.0,374.2,161.0,1837.0,460.7,286.6,112.0,149.2,31.7
Kevin Durant,78.4,691.9,1347.4,411.5,478.9,181.3,1976.1,449.4,309.4,64.9,242.2,81.9
Deni Avdija,78.3,505.1,1068.0,515.5,654.3,143.6,1669.3,564.6,414.0,67.4,275.2,46.9
Franz Wagner,78.3,633.1,1352.3,332.2,391.2,115.0,1713.8,426.4,334.6,94.3,154.5,24.8
Pascal Siakam,78.4,658.6,1268.0,249.4,350.6,116.2,1682.9,491.9,283.0,67.3,120.7,33.7
AJ Dybantsa,78.3,539.1,1193.4,235.8,306.2,216.4,1530.6,570.2,258.9,95.9,179.1,44.3
Jimmy Butler,48.5,250.4,503.6,308.8,366.6,34.9,845.1,246.3,232.4,69.5,68.3,13.1
RJ Barrett,78.3,564.5,1181.6,253.4,378.6,137.5,1519.8,437.9,319.2,59.8,172.7,23.7
Josh Hart,78.3,351.1,700.6,134.3,180.0,101.3,936.6,688.7,388.8,103.8,151.7,28.4
Paul George,70.5,454.4,1036.6,130.3,160.6,235.3,1274.4,375.4,254.1,81.6,148.9,30.6
Lauri Markkanen,78.3,542.4,1205.3,334.1,376.5,187.1,1605.6,404.0,132.2,67.8,92.9,28.6
Mikal Bridges,78.3,481.8,978.4,81.1,98.3,143.8,1189.5,284.8,269.0,88.6,102.9,56.7
Andrew Wiggins,78.4,450.3,959.9,210.8,276.1,140.6,1252.3,338.6,208.7,83.9,115.9,69.1
DeMar DeRozan,76.4,417.6,828.5,321.3,372.6,51.8,1208.7,239.7,262.1,50.4,70.6,28.4
Ayo Dosunmu,78.4,406.7,804.7,143.2,167.9,118.5,1075.7,281.1,302.9,85.1,109.4,25.2
PJ Washington,78.3,402.0,885.0,158.6,223.5,107.6,1071.6,506.0,168.7,75.2,125.6,63.8
Jaden McDaniels,78.4,418.2,855.4,131.0,157.1,96.8,1064.0,416.2,187.2,105.8,110.7,71.8
Dillon Brooks,78.3,460.4,1043.5,152.8,181.9,192.9,1266.3,281.1,145.7,79.3,103.3,18.7
Jonathan Kuminga,77.2,403.1,843.1,234.3,338.8,69.0,1109.0,377.9,157.3,52.6,123.7,33.6
Christian Braun,78.3,384.9,708.3,155.3,194.3,80.5,1005.6,375.3,182.5,61.8,69.2,38.4
Jerami Grant,78.3,385.9,881.8,264.7,318.7,178.4,1213.5,222.0,169.8,60.7,113.6,43.3
Jaime Jaquez Jr.,78.3,377.2,779.0,136.6,179.6,57.2,948.0,315.5,283.3,54.1,155.2,17.1
Cedric Coward,78.3,354.3,745.8,161.6,191.6,112.9,984.2,399.8,197.6,50.0,121.9,30.0
Quentin Grimes,79.3,332.5,696.9,204.9,254.7,135.9,1004.1,288.5,231.4,61.8,145.5,19.8
Max Christie,78.3,337.8,761.4,135.6,154.7,169.5,978.9,278.3,184.3,61.3,97.5,30.7
Devin Vassell,78.3,347.3,785.4,99.0,122.6,152.9,947.6,288.6,173.2,71.5,69.0,29.5
Ace Bailey,78.3,378.3,869.1,64.3,85.8,134.7,955.0,271.4,124.8,57.3,103.5,45.6
Max Strus,72.3,231.9,514.3,44.4,52.3,157.0,666.8,322.5,190.9,47.2,72.5,14.4
Duncan Robinson,77.1,300.6,661.5,67.0,85.9,203.1,868.9,193.2,161.9,47.1,74.0,15.8
Kelly Oubre Jr.,78.4,322.8,640.4,108.2,141.8,78.5,832.3,316.8,114.3,58.7,67.2,26.5
Anthony Black,78.3,265.5,609.1,140.3,190.7,69.5,743.6,228.0,205.6,83.1,112.3,39.5
Herbert Jones,78.3,255.5,624.5,86.4,106.1,95.9,691.8,258.6,204.1,106.0,106.5,30.3
Naji Marshall,78.3,302.3,583.3,127.0,163.0,46.0,778.7,247.9,186.9,56.2,81.0,7.4
Santi Aldama,78.3,266.5,539.3,67.1,98.4,79.7,679.3,319.4,151.2,39.4,52.2,27.6
Jaylon Tyson,78.3,269.0,568.2,75.7,101.9,101.9,714.5,323.3,146.4,49.2,86.1,22.0
Pelle Larsson,78.4,218.9,446.5,147.3,192.3,52.1,638.3,203.5,186.2,55.3,75.4,16.8
Sam Hauser,78.3,247.1,581.8,16.2,17.9,193.3,703.0,267.9,83.1,34.3,33.4,15.6
Bradley Beal,28.7,89.2,181.9,30.9,38.7,27.8,241.4,46.7,46.4,17.4,24.6,7.9
Gui Santos,79.3,173.7,358.3,69.8,97.8,67.1,485.5,234.6,131.9,52.0,84.8,16.7
Justin Champagnie,78.3,179.6,341.9,61.4,82.5,44.1,465.2,301.3,56.8,51.1,41.8,35.2
Patrick Williams,78.3,177.7,466.4,57.7,79.9,84.2,496.5,203.3,108.0,47.7,75.6,29.3
Jaylen Wells,78.3,201.3,477.4,86.3,107.8,98.6,591.7,157.4,85.3,39.1,50.1,7.4
Will Riley,78.3,185.3,425.5,114.8,143.5,47.0,536.3,157.8,100.4,37.4,68.7,7.4
Baylor Scheierman,78.3,146.4,348.5,30.8,35.8,95.6,416.9,231.3,95.7,39.8,46.9,7.8
Kyle Anderson,78.3,130.6,263.1,50.3,72.7,14.1,329.6,177.9,146.7,43.0,38.4,32.3
Aaron Wiggins,78.4,190.7,430.7,39.3,49.9,76.1,500.8,161.4,92.1,36.1,61.0,15.7
Kobe Sanders,78.3,163.0,343.2,42.5,51.4,78.0,446.1,145.9,101.4,44.4,66.4,8.4
Ben Sheppard,78.4,137.2,313.0,27.1,33.3,69.0,374.0,180.4,95.9,34.6,29.6,7.9
Chaney Johnson,28.7,41.0,82.2,23.6,29.5,7.4,120.6,71.6,31.1,9.2,14.8,8.3
Vit Krejci,77.1,126.3,281.6,33.5,45.9,84.0,374.2,135.9,83.4,31.1,40.6,22.8
Dean Wade,78.4,92.4,204.0,17.9,28.8,52.0,250.9,243.5,62.7,40.7,18.9,24.7
Bruce Brown,28.7,41.0,97.2,17.0,22.1,7.8,112.8,60.6,29.6,14.5,15.4,0.0
Kenrich Williams,78.3,125.8,269.8,25.8,38.3,43.9,319.0,168.1,65.4,31.5,33.2,7.4
Gradey Dick,29.9,54.2,127.7,26.0,30.0,23.9,154.5,45.0,16.4,12.8,15.2,0.2
Guerschon Yabusele,28.7,41.1,91.0,16.2,22.0,15.6,110.2,63.0,22.3,7.5,14.7,7.4
Cam Whitmore,28.7,52.4,112.7,16.6,22.2,18.3,138.8,42.7,17.1,8.7,13.7,7.2
Jamir Watkins,2.8,3.6,8.3,2.0,2.9,1.1,10.0,6.0,2.0,1.4,1.4,0.7
Dailyn Swain,78.3,121.5,279.1,44.4,59.6,48.1,339.9,113.1,56.6,24.0,35.7,14.4
Gary Payton II,29.1,45.6,77.3,6.0,8.8,8.2,103.1,48.8,25.0,17.5,10.3,1.0
Svi Mykhailiuk,28.7,44.2,105.5,6.4,7.6,25.3,123.4,32.1,28.2,7.4,14.5,0.0
Dorian Finney-Smith,29.9,42.3,90.1,5.8,8.1,24.0,104.6,48.2,23.1,12.0,11.4,7.9
Dariq Whitehead,28.7,48.3,116.5,5.0,7.6,33.6,142.1,33.7,14.9,7.7,14.9,0.0
Nick Smith Jr.,29.1,42.0,110.4,12.8,14.7,22.2,124.6,22.2,26.6,7.4,15.1,0.0
Spencer Jones,78.3,93.8,187.1,23.8,36.9,36.3,248.9,156.1,35.2,35.2,25.1,30.6
Caleb Martin,28.7,33.1,72.1,13.5,22.0,7.8,82.4,43.6,28.6,10.8,13.5,7.4
Toby Okani,28.7,42.8,111.6,7.5,15.0,18.9,112.7,36.9,14.8,7.7,7.4,7.4
John Konchar,29.9,23.8,44.3,6.3,8.3,7.8,56.9,63.6,24.3,17.0,8.0,9.8
Tidjane Salaun,28.7,32.9,76.9,15.2,22.0,14.8,90.3,62.7,14.8,7.4,12.8,0.0
Ochai Agbaji,28.7,41.0,89.1,6.7,8.7,15.4,94.8,37.3,14.8,7.4,7.6,8.3
Amir Coffey,28.7,39.4,73.9,17.0,19.5,15.1,105.8,32.0,14.8,8.8,7.9,0.0
Sidy Cissoko,78.3,77.0,191.5,37.1,58.6,33.4,224.3,102.4,62.9,33.6,44.1,16.2
Javonte Green,28.7,32.7,73.0,13.5,16.8,15.7,91.1,43.8,7.7,15.5,7.4,7.9
AJ Lawson,28.7,32.8,74.9,15.6,22.0,16.1,93.2,37.6,9.1,7.5,7.5,0.9
Noah Penda,28.7,24.5,56.4,6.9,10.1,8.1,60.2,46.3,14.8,8.3,8.7,8.3
Bryce McGowens,28.7,32.2,68.0,22.4,28.6,8.8,89.4,23.2,14.9,7.4,7.4,0.0
Hugo Gonzalez,28.7,23.9,55.1,4.2,8.9,7.6,63.6,51.8,7.7,7.5,8.5,7.1
Dalton Knecht,29.1,35.5,74.6,11.1,14.7,15.4,88.7,34.2,7.5,3.5,7.5,0.0
Rayan Rupert,28.7,24.6,55.2,7.9,10.2,7.4,60.5,35.2,13.3,7.5,7.4,0.0
Myron Gardner,28.7,20.5,41.0,5.4,7.4,7.8,49.4,38.2,15.6,8.4,8.0,0.0
Anthony Gill,28.7,25.2,41.0,10.3,14.8,0.5,58.6,31.3,13.8,7.4,7.4,1.2
Dalen Terry,28.7,24.6,41.2,9.4,14.8,7.4,57.4,25.0,14.8,7.8,7.4,4.0
Micah Peavy,28.7,24.6,59.4,5.6,7.4,7.4,57.4,22.5,14.8,8.2,7.3,0.0
Ron Harper Jr.,28.7,24.6,65.2,0.0,0.0,15.2,65.6,23.1,7.7,7.5,3.0,0.3
Rasheer Fleming,28.7,21.6,49.5,4.3,7.6,10.0,54.0,31.9,6.3,8.8,7.9,9.4
Johnny Furphy,17.5,13.4,25.2,2.8,4.7,4.5,31.8,21.6,4.7,4.5,4.5,0.0
Alex Antetokounmpo,28.7,24.4,48.6,13.8,18.6,14.6,73.2,16.9,7.6,4.9,7.4,0.0
Lajae Jones,29.1,27.7,62.0,6.5,8.8,17.4,76.6,10.3,8.5,7.9,8.2,0.0
Pat Connaughton,28.7,18.5,44.4,5.3,7.4,7.4,45.2,29.1,14.8,0.8,7.4,0.0
Noa Essengue,28.7,24.8,41.2,9.8,14.0,7.4,65.0,22.2,7.4,1.5,7.4,0.0
Nate Williams,29.1,27.9,58.6,7.6,9.7,8.3,68.2,17.0,8.5,8.9,15.1,0.0
Tyler Nickel,28.7,24.7,56.3,5.6,7.6,14.8,65.8,14.8,7.4,2.7,6.4,0.0
Joe Ingles,28.7,13.5,20.9,0.1,0.1,5.6,32.4,11.3,23.5,9.0,8.1,0.0
Lindy Waters III,28.7,20.5,52.6,0.0,0.0,12.3,52.8,17.1,8.0,7.3,4.7,0.0
Bryce Hopkins,28.7,23.9,56.7,5.5,7.4,11.6,60.2,14.7,7.4,0.2,5.6,0.0
Malique Lewis,28.7,24.6,50.0,5.6,7.5,14.8,65.6,9.8,7.4,0.3,7.3,0.0
Jae'Sean Tate,28.7,17.4,36.3,5.0,7.4,0.9,35.8,25.7,7.6,7.6,7.4,0.0
Doug McDermott,28.7,20.3,49.4,0.1,0.1,18.1,52.6,7.6,7.4,0.0,6.7,0.0
Julian Strawther,78.3,45.0,100.1,18.1,22.1,16.9,118.7,34.5,15.1,7.4,11.1,0.0
Adou Thiero,29.1,8.3,16.6,9.1,14.9,0.0,24.9,22.5,7.5,1.0,7.5,0.0
Giannis Antetokounmpo,78.4,910.6,1546.2,528.1,836.6,17.7,2367.0,893.0,526.7,84.7,237.2,73.8
Jayson Tatum,78.3,754.2,1735.1,431.4,526.1,276.9,2217.5,712.3,433.5,87.5,264.0,31.2
LeBron James,72.7,603.5,1211.8,269.4,354.4,112.5,1588.9,533.3,495.6,85.2,224.2,52.6
Paolo Banchero,78.3,655.8,1436.1,473.4,634.3,116.1,1901.2,626.4,411.4,62.3,247.5,47.6
Jalen Johnson,78.4,581.8,1200.0,243.9,311.3,113.1,1519.3,705.3,498.0,88.4,225.5,42.0
Anthony Davis,78.2,630.0,1296.8,366.4,476.0,50.3,1677.8,826.8,218.8,85.0,181.7,146.1
Cooper Flagg,78.3,673.7,1390.2,300.1,362.7,86.1,1735.2,455.0,407.2,85.5,169.6,59.2
Scottie Barnes,78.3,553.5,1136.4,256.4,326.2,75.8,1439.4,563.0,447.1,106.5,198.6,101.3
Zion Williamson,74.4,603.5,1025.6,388.4,558.3,0.0,1594.6,413.4,314.7,70.8,171.4,37.9
Trey Murphy III,78.3,546.1,1148.8,287.2,324.0,222.3,1601.3,396.9,256.7,89.2,143.0,36.7
Cameron Boozer,78.3,505.6,976.6,224.6,311.9,98.9,1335.4,661.0,226.0,73.2,164.7,79.7
Julius Randle,78.3,458.0,1012.2,317.0,393.8,97.8,1330.0,431.9,336.2,59.4,216.6,16.7
Caleb Wilson,78.3,425.9,819.5,181.6,252.3,76.2,1109.2,663.6,186.4,68.4,132.9,125.1
Miles Bridges,78.3,453.6,988.2,200.8,236.9,129.5,1236.8,456.9,231.5,65.5,105.4,43.2
OG Anunoby,78.3,467.5,978.0,214.1,260.6,181.8,1332.9,408.4,154.6,118.4,114.2,77.1
Michael Porter Jr.,78.3,496.2,1122.4,188.2,230.9,216.7,1399.3,443.3,157.5,57.6,133.8,32.4
Cameron Johnson,78.3,392.7,789.2,207.9,239.9,154.0,1146.8,317.6,216.7,56.2,92.5,39.0
Tobias Harris,78.3,393.2,836.3,159.7,185.0,108.7,1056.2,446.6,175.2,66.4,71.6,43.6
Jabari Smith,78.4,376.9,830.4,153.7,194.0,162.4,1070.5,518.5,111.8,44.6,98.4,62.5
Naz Reid,78.4,373.3,836.5,81.9,109.3,188.2,1016.0,438.9,160.5,50.6,115.6,56.8
Matas Buzelis,78.3,388.4,851.8,169.4,213.8,138.6,1083.1,376.8,132.4,48.1,133.2,105.4
Draymond Green,79.3,216.9,528.5,86.5,124.7,99.7,619.1,413.3,382.9,95.9,192.7,52.9
Keegan Murray,78.3,377.6,832.9,72.4,90.0,142.1,968.7,448.9,113.3,66.0,73.7,86.9
Ausar Thompson,78.3,301.3,576.5,115.1,194.3,7.9,726.5,441.0,209.0,144.1,113.2,76.8
Toumani Camara,78.3,312.2,696.0,95.8,132.8,158.1,878.0,398.9,164.5,97.9,117.2,41.0
Bobby Portis,78.4,357.8,760.6,67.3,87.7,93.6,875.2,486.6,127.4,51.1,64.1,22.0
Peyton Watson,78.3,320.0,682.8,152.5,216.4,99.0,894.8,355.2,132.9,81.3,102.5,98.9
Morez Johnson Jr.,78.3,352.4,648.3,116.6,161.9,35.2,857.8,442.4,120.0,43.5,74.4,82.3
Rui Hachimura,78.3,394.9,763.1,72.1,97.0,164.9,1026.5,334.7,86.7,61.3,54.9,31.4
Kyshawn George,78.3,278.5,665.5,124.0,158.7,113.6,796.0,326.4,230.9,71.1,144.5,58.9
De'Andre Hunter,78.3,372.7,804.9,204.8,240.0,130.4,1079.9,275.0,115.6,48.5,110.1,14.9
Saddiq Bey,78.3,332.4,723.8,186.8,222.2,114.4,966.4,299.9,131.8,49.1,54.3,7.4
Aaron Nesmith,78.4,341.2,722.8,121.0,140.3,155.9,960.8,317.4,114.7,47.3,76.8,34.5
Yaxel Lendeborg,79.3,316.1,622.3,116.7,162.1,76.7,824.2,427.3,116.0,59.1,83.3,66.2
Nate Ament,78.3,304.3,589.3,114.1,158.5,57.8,779.6,433.8,127.1,46.3,95.9,51.3
Kyle Kuzma,78.3,309.4,685.3,104.8,155.0,75.1,798.7,284.6,147.3,37.1,116.9,21.7
Derrick Jones Jr.,78.3,308.7,597.4,91.3,126.8,92.3,800.4,260.4,78.2,74.5,60.3,50.5
Obi Toppin,78.4,265.7,499.6,78.6,98.7,83.2,693.6,266.3,113.8,33.7,58.0,15.8
Tari Eason,78.4,235.2,508.5,62.4,82.0,75.3,606.7,349.2,78.3,81.2,71.1,39.1
Hannes Steinbach,78.4,235.2,475.8,93.3,134.3,49.9,611.2,345.3,100.6,33.7,78.1,44.3
Danny Wolf,78.3,188.6,469.3,89.8,116.5,70.8,542.4,300.1,132.8,31.3,75.5,37.7
Jake LaRavia,79.3,183.6,404.9,108.2,147.4,66.2,541.0,287.8,134.7,76.4,90.3,27.7
Royce O'Neale,78.4,191.8,453.2,16.1,22.1,159.9,564.8,271.4,127.8,44.1,62.4,22.1
Julian Reese,28.7,74.4,140.4,34.4,54.0,0.0,182.3,161.4,27.8,18.6,30.9,12.3
Keldon Johnson,78.3,256.0,515.6,97.4,127.6,59.0,671.1,271.1,76.3,32.9,48.7,7.8
Noah Clowney,78.3,177.8,467.2,119.8,147.5,96.1,571.2,213.0,70.5,36.9,69.8,37.5
Jarace Walker,78.4,172.4,378.9,59.8,82.7,69.1,470.9,216.2,111.3,36.5,68.4,15.8
Ron Holland,78.3,164.5,373.6,85.9,109.6,34.7,451.4,228.3,68.2,61.1,67.7,23.2
Nae'Qwan Tomlin,78.3,171.7,359.9,58.3,76.7,31.2,428.8,223.3,61.8,47.4,31.4,33.4
Tristan da Silva,78.3,168.5,383.4,47.5,54.5,67.5,449.1,200.9,82.6,36.8,44.6,16.5
Ryan Dunn,78.3,143.0,330.3,17.4,35.6,51.7,353.4,246.8,63.1,52.6,38.5,30.2
Cody Williams,78.4,154.1,362.8,53.5,75.3,32.5,390.2,162.9,91.8,42.6,50.2,28.9
Jalen Slawson,28.7,40.8,84.0,16.0,22.7,14.6,109.4,61.9,37.0,20.9,14.7,15.8
Justin Edwards,78.4,151.0,323.0,33.5,44.5,60.9,394.7,139.2,71.3,46.1,43.4,16.6
Koa Peat,78.3,134.6,280.5,53.1,76.4,27.2,348.9,235.9,50.5,33.4,45.3,20.3
Trendon Watford,28.7,48.9,93.9,26.1,33.9,8.2,134.8,49.1,33.6,7.4,21.6,7.4
Harrison Barnes,28.7,54.8,99.6,24.1,29.4,24.6,152.0,45.6,23.2,7.8,7.7,0.0
Taurean Prince,28.7,41.1,90.2,6.5,7.8,23.6,107.0,55.3,29.7,15.6,15.5,7.9
Gregory Jackson,28.7,50.0,115.6,23.1,31.1,15.5,143.0,53.4,18.3,7.7,20.2,7.4
Jordan Walsh,78.3,106.3,238.0,38.1,53.9,39.0,284.8,217.2,45.2,35.4,35.2,23.4
Leaky Black,28.7,39.0,90.0,6.4,7.4,14.8,94.4,76.6,21.9,14.9,14.5,7.5
Daeqwon Plowden,28.7,51.8,115.2,14.9,17.2,30.3,154.1,40.1,14.8,8.0,12.8,0.0
Jalen Wilson,28.7,40.9,102.8,18.6,23.8,20.7,126.2,43.0,23.8,7.4,12.6,0.0
Vince Williams Jr.,17.5,20.7,55.2,7.2,9.2,9.5,52.4,27.3,27.5,4.7,13.0,0.3
Joshua Jefferson,78.3,114.3,242.4,52.5,75.5,22.8,302.1,179.4,44.3,22.3,45.5,17.2
Haywood Highsmith,29.9,35.7,78.8,6.0,8.2,16.9,89.7,56.0,23.3,18.7,9.3,9.8
Jamal Cain,78.3,105.9,228.3,55.0,75.3,37.4,304.7,132.2,36.5,28.2,29.4,14.6
Kelly Olynyk,28.7,32.6,57.7,16.9,22.7,8.2,82.4,47.7,27.3,7.8,14.9,4.6
Josh Oduro,28.7,40.7,65.6,16.6,25.3,8.2,100.3,53.9,13.6,4.4,8.7,0.5
Simone Fontecchio,28.7,36.1,80.8,18.3,21.9,18.6,104.5,40.5,15.9,8.4,8.1,0.0
Allen Graves,78.3,112.8,220.8,35.7,51.4,16.3,274.2,132.3,33.8,15.2,27.1,15.6
Jamison Battle,78.3,101.2,214.2,11.5,14.8,63.7,278.9,114.1,33.8,9.9,20.0,7.8
Alex Karaban,28.7,39.6,61.5,16.1,23.2,7.4,95.6,41.4,12.6,7.7,9.6,6.8
Matisse Thybulle,28.7,32.6,57.4,10.6,14.8,14.8,81.8,34.0,14.8,24.3,11.8,7.4
Olivier-Maxence Prosper,28.7,35.4,71.7,18.0,25.4,8.5,91.4,42.9,14.8,7.7,7.5,0.0
Karim Lopez,28.7,33.2,62.6,15.4,22.1,7.4,82.8,39.8,13.0,7.7,9.4,6.7
Baba Miller,78.3,99.3,192.5,27.7,39.9,20.5,251.5,109.5,24.6,15.8,21.7,8.7
Kris Murray,28.7,31.0,56.7,8.3,14.6,7.4,70.2,37.1,19.2,8.2,7.6,3.4
Carter Bryant,78.3,75.4,177.5,17.8,26.7,35.7,200.7,126.8,37.4,10.9,27.6,14.8
Mohamed Diawara,78.3,65.5,165.0,12.8,17.1,35.6,182.2,78.8,42.2,15.2,23.9,9.4
Kobe Brown,28.7,26.2,49.3,6.0,7.6,7.4,60.6,35.4,15.9,4.5,7.4,0.0
Asa Newell,28.7,32.1,49.6,4.2,7.7,7.4,72.4,28.6,7.4,7.4,7.4,7.8
Liam McNeeley,28.7,24.4,41.0,12.1,14.8,14.6,73.2,36.1,9.5,0.0,7.4,0.0
Josh Minott,28.7,24.4,49.2,12.0,14.8,7.6,65.2,28.7,7.5,7.4,7.5,8.3
Nicolas Batum,28.7,16.7,33.7,0.0,0.0,15.1,42.4,35.8,14.9,8.0,7.5,7.9
Julian Phillips,28.7,23.7,48.8,11.5,14.6,8.8,63.8,26.4,8.5,9.0,5.4,0.2
Enrique Freeman,78.4,47.9,99.8,33.1,49.5,9.1,130.4,109.9,25.6,9.7,16.7,15.3
Trevon Brazile,28.7,29.3,46.2,10.3,14.8,7.7,73.7,23.7,7.4,0.0,6.8,0.0
E.J. Liddell,28.7,24.6,41.3,6.1,7.5,7.4,57.5,29.7,7.7,0.0,7.4,8.3
Tobi Lawal,28.7,31.0,47.8,7.4,10.7,7.6,71.9,22.2,8.0,0.0,7.0,0.0
Duop Reath,28.7,20.6,45.1,6.8,7.6,11.3,54.2,25.7,8.0,3.0,1.5,0.3
Chris Cenac Jr.,28.7,24.6,47.9,6.2,8.9,7.6,65.6,23.1,7.7,0.0,8.2,0.0
Dillon Mitchell,28.7,24.6,47.9,6.2,8.9,7.6,65.6,23.1,7.7,0.0,8.2,0.0
Nick Martinelli,28.7,25.3,49.0,6.7,9.7,7.4,59.6,25.9,7.9,0.0,7.3,0.0
Malevy Leons,29.1,12.0,36.7,9.9,13.4,0.0,34.2,29.9,11.2,8.9,8.3,4.1
Tyler Bilodeau,28.7,24.6,41.0,6.3,9.0,7.4,59.2,22.0,7.4,0.0,7.4,0.0
Keshad Johnson,27.7,23.2,39.6,9.3,14.1,7.0,61.1,22.6,0.0,8.1,7.6,0.0
Isaac Jones,28.7,16.6,24.8,10.2,15.7,0.0,41.4,23.3,7.3,0.0,7.4,7.9
Jeff Green,28.7,16.6,41.0,6.3,7.6,7.8,41.9,18.9,7.4,0.0,0.9,0.0
Johni Broome,28.7,8.2,35.9,3.2,9.6,0.0,16.9,25.0,7.9,1.4,0.5,0.0
Nikola Jokic,78.3,750.7,1359.5,425.2,520.4,127.7,2054.4,948.7,713.4,106.4,250.4,63.1
Victor Wembanyama,78.3,634.8,1311.1,406.9,488.3,147.6,1824.9,825.6,238.5,79.4,193.5,215.1
Joel Embiid,63.2,519.7,1063.5,437.8,509.2,72.3,1549.3,503.7,250.5,34.0,184.1,75.5
Alperen Sengun,78.4,572.2,1114.4,286.7,416.4,31.6,1462.4,731.4,412.2,87.3,225.2,74.0
Karl-Anthony Towns,78.3,561.2,1102.8,349.8,411.8,127.4,1598.4,956.5,227.7,72.5,193.7,59.4
Bam Adebayo,78.4,536.4,1139.3,314.6,409.7,93.9,1481.7,732.0,301.0,101.9,139.8,57.0
Domantas Sabonis,78.3,502.1,852.4,204.5,273.9,51.9,1260.6,924.7,384.7,58.4,212.9,28.2
Evan Mobley,78.3,564.6,1028.1,239.9,360.2,89.9,1456.8,736.3,286.5,71.8,160.0,122.9
Ivica Zubac,78.4,579.1,910.7,143.9,214.4,0.0,1301.8,830.0,223.6,33.7,105.5,77.3
Jalen Duren,78.3,460.1,699.5,249.0,345.9,0.0,1168.8,836.4,192.1,62.5,147.6,94.0
Jarrett Allen,78.3,448.3,670.9,235.4,333.4,0.0,1130.1,730.0,147.1,82.5,99.9,75.2
Chet Holmgren,78.3,459.1,870.3,247.5,315.3,94.9,1261.5,610.7,115.0,55.1,112.4,128.0
Jaren Jackson Jr.,78.3,511.4,1099.6,299.9,378.9,124.6,1446.7,353.8,142.7,86.8,146.0,70.1
Rudy Gobert,78.4,337.7,511.7,172.0,294.9,0.0,848.5,869.0,138.3,69.5,97.0,114.1
Walker Kessler,79.3,373.6,530.4,132.8,245.1,14.9,894.9,823.9,125.4,62.9,104.6,145.9
John Collins,78.3,479.6,885.7,180.0,222.9,97.6,1236.6,529.7,112.9,84.3,128.2,86.2
Onyeka Okongwu,78.4,396.1,763.5,138.6,182.8,98.3,1027.7,567.3,195.5,69.8,102.4,69.8
Kristaps Porzingis,48.5,240.0,534.1,205.0,254.3,88.3,772.7,251.5,98.5,41.4,63.1,45.4
Nicolas Claxton,78.3,392.0,651.2,119.6,208.1,7.2,909.3,508.0,237.4,52.8,91.6,101.5
Alex Sarr,78.3,414.5,922.2,154.8,226.6,82.3,1065.7,484.8,176.5,51.1,128.2,122.4
Jusuf Nurkic,78.3,306.9,622.6,136.3,223.6,46.4,796.2,644.5,269.7,88.3,166.5,43.2
Isaiah Hartenstein,78.3,335.5,552.8,105.7,159.1,0.0,779.3,656.8,241.5,68.1,120.4,58.9
Jakob Poeltl,78.3,402.4,610.7,113.5,176.2,0.0,918.3,604.1,177.8,76.2,110.1,80.3
Aaron Gordon,78.3,391.2,767.5,235.3,296.0,112.4,1129.3,402.8,210.8,32.4,94.3,25.5
Derik Queen,78.3,293.6,624.7,183.9,231.4,18.0,789.9,480.1,239.3,66.1,162.4,59.4
Wendell Carter Jr.,78.3,295.1,587.2,170.2,223.6,55.6,814.5,572.0,153.4,58.2,92.6,50.4
Donovan Clingan,78.3,257.7,494.9,109.7,168.8,49.3,671.9,704.4,121.5,38.7,84.5,129.4
Dereck Lively II,78.3,299.8,419.6,92.9,137.9,0.0,692.4,500.7,207.1,44.4,78.0,95.0
Myles Turner,78.3,333.1,744.1,157.7,207.1,145.0,968.7,393.2,101.5,47.6,112.3,105.9
Zach Edey,78.3,316.7,543.8,135.8,189.1,22.0,788.2,584.3,92.1,43.3,128.5,95.5
Maxime Raynaud,78.3,356.8,591.2,112.8,143.5,26.7,853.3,486.1,96.6,35.4,90.0,35.5
Jalen Smith,78.3,278.2,595.4,117.4,151.7,102.6,778.4,484.5,94.4,31.4,71.2,62.7
Yves Missi,78.3,263.4,475.4,119.3,198.5,0.0,645.9,553.7,102.6,30.7,79.8,102.4
Nikola Vucevic,78.3,288.9,580.0,78.7,97.1,53.7,708.7,442.1,129.5,44.9,64.5,36.4
Neemias Queta,78.3,268.9,425.6,114.2,158.4,0.0,651.4,498.9,85.7,39.2,72.7,69.3
Day'Ron Sharpe,78.3,249.6,427.7,108.2,154.0,14.6,617.9,428.9,152.4,67.8,112.2,47.9
Al Horford,79.3,216.6,516.4,45.3,51.7,118.8,598.1,388.3,167.2,57.5,69.4,57.6
Mark Williams,33.2,114.1,178.4,56.0,71.2,0.0,284.4,190.0,35.4,21.7,25.3,25.0
Moussa Diabate,78.4,198.2,324.5,102.8,162.2,0.0,503.6,553.6,113.0,54.1,75.1,60.7
Mitchell Robinson,78.3,180.9,265.6,71.6,180.0,0.0,433.3,663.7,57.0,56.4,57.9,92.7
Deandre Ayton,78.3,304.0,530.0,57.6,88.6,0.0,664.6,484.1,55.5,30.3,75.9,62.0
Kel'el Ware,78.3,255.8,480.9,44.3,61.2,58.0,611.3,461.6,50.7,39.7,56.2,66.6
Kyle Filipowski,78.3,221.7,450.1,101.6,143.0,54.8,600.3,361.5,133.0,53.2,82.4,22.3
Aday Mara,78.3,245.4,428.3,84.2,120.2,28.1,599.4,402.6,60.6,39.0,50.8,73.6
Brook Lopez,78.3,242.3,508.4,59.9,74.2,99.6,643.2,270.3,92.3,42.7,54.0,89.9
Sandro Mamukelashvili,79.3,226.5,434.7,102.1,138.9,85.6,640.0,319.9,86.4,42.9,54.2,24.0
Daniel Gafford,78.3,246.7,353.7,107.5,156.3,0.0,597.3,341.1,72.3,30.6,54.7,70.4
Oso Ighodaro,78.3,189.8,304.5,46.5,92.5,0.0,429.1,368.7,141.2,65.3,75.1,53.0
Isaiah Jackson,78.3,212.4,318.2,85.8,136.0,0.0,506.8,403.1,73.4,57.1,79.7,67.0
Jaylin Williams,78.3,136.2,326.2,53.8,70.6,85.7,413.5,330.9,143.6,36.6,57.0,36.3
Collin Murray-Boyles,78.3,207.5,346.2,73.8,109.0,16.3,507.9,285.8,103.6,53.2,62.9,51.5
Precious Achiuwa,78.3,210.9,397.8,49.0,86.6,15.8,488.9,345.7,69.3,49.6,52.1,46.3
Andre Drummond,78.3,149.5,284.3,51.5,81.2,22.1,367.5,485.0,66.1,38.6,56.7,32.6
Moe Wagner,78.3,217.6,450.4,126.7,166.3,55.9,618.5,263.4,70.8,35.0,75.6,15.0
Robert Williams III,78.3,150.2,225.6,34.7,53.6,7.4,343.6,380.0,57.7,33.5,42.9,81.6
Kevon Looney,79.3,119.6,225.5,56.1,95.0,0.0,298.5,405.0,92.8,36.0,38.1,30.1
Goga Bitadze,78.3,137.9,225.9,60.4,89.5,0.0,337.1,320.4,86.1,35.6,44.1,62.8
Marvin Bagley III,78.3,192.2,297.5,77.6,117.6,15.8,476.5,270.8,62.1,20.2,38.4,29.5
Paul Reed,78.3,167.5,280.6,65.3,94.2,15.3,415.0,261.7,68.3,57.3,51.4,55.1
Luke Kornet,78.3,144.4,222.7,60.0,77.7,0.0,349.1,291.7,86.5,29.5,24.4,50.6
Grant Williams,78.4,129.4,312.8,78.1,95.6,80.2,420.7,214.9,93.5,33.3,59.0,29.5
Jock Landale,78.4,174.8,332.4,46.0,71.3,41.0,435.5,218.7,78.1,24.6,38.3,23.4
Jarred Vanderbilt,79.3,113.9,246.6,40.2,69.8,23.1,287.1,356.7,80.8,60.3,61.7,21.3
Jay Huff,78.4,170.2,322.9,43.8,53.5,67.7,449.1,159.9,62.5,19.1,34.1,73.6
Isaiah Stewart,78.3,141.0,265.5,60.9,80.9,27.1,370.5,242.4,73.4,15.8,52.6,61.5
Tristan Vukcevic,72.3,158.5,314.6,91.4,117.1,44.6,449.6,167.3,52.8,21.0,62.1,33.8
Steven Adams,78.4,98.6,178.3,60.0,115.2,0.0,253.3,368.0,70.7,28.9,56.1,37.0
Ryan Kalkbrenner,78.4,154.1,211.9,62.0,86.1,0.0,369.0,266.5,41.9,25.2,47.7,73.1
Jonas Valanciunas,28.7,54.9,106.0,24.8,30.0,0.0,137.6,95.0,22.7,6.8,16.3,9.8
Micah Potter,78.3,121.1,258.9,81.4,96.6,59.4,385.4,267.2,52.7,26.7,52.4,24.5
Taylor Hendricks,78.3,144.0,318.8,41.3,60.3,60.7,390.1,204.3,49.1,48.6,43.0,36.6
Zach Collins,78.3,130.4,256.7,60.5,71.6,28.4,353.6,213.8,84.9,21.8,52.7,22.3
Oscar Tshiebwe,28.7,44.5,77.2,18.4,29.4,0.0,113.5,122.4,14.8,7.8,9.3,0.0
Quinten Post,78.3,144.4,320.9,27.0,34.4,71.0,387.8,189.0,67.5,17.0,43.1,28.3
Nikola Jovic,28.7,43.6,107.1,23.8,31.5,16.2,130.5,54.3,38.8,10.0,19.2,8.3
Karlo Matkovic,78.3,148.5,244.9,36.6,48.7,30.0,360.2,228.0,46.5,24.2,39.7,45.7
Dom Barlow,78.4,136.6,243.6,59.4,83.2,14.5,348.9,222.8,46.9,33.6,29.9,42.0
Jaxson Hayes,78.3,141.8,210.8,67.1,103.9,0.0,352.1,221.6,52.9,26.9,34.6,36.3
Dylan Cardwell,28.7,32.8,52.1,7.9,15.5,0.0,75.8,101.9,22.1,8.5,14.3,25.2
Nick Richards,28.7,43.8,82.3,30.9,43.8,0.0,125.2,99.9,7.8,1.9,16.4,10.4
Adem Bona,78.4,112.8,169.0,65.1,94.6,0.0,286.3,253.1,22.4,22.4,51.0,75.5
Mouhamed Gueye,78.4,98.8,218.1,31.2,46.2,28.5,253.3,188.4,46.6,40.3,22.2,33.2
Jeremy Sochan,28.7,41.0,80.0,18.2,26.1,7.4,107.0,67.6,20.6,7.9,17.5,7.9
Ousmane Dieng,78.3,112.6,266.6,21.4,30.0,44.0,287.7,128.0,87.4,16.3,53.7,7.5
Jericho Sims,28.7,32.7,39.9,9.3,14.9,0.0,67.1,84.4,22.0,7.3,17.8,7.4
Rocco Zikarsky,78.4,85.8,152.1,36.6,53.9,8.8,216.9,214.7,34.6,13.9,30.5,38.6
Mason Plumlee,28.7,24.6,32.8,14.4,22.1,0.0,57.4,79.4,23.0,7.8,7.9,7.4
Kevin Love,28.7,27.0,68.7,11.8,14.8,15.7,77.8,67.4,22.0,7.4,8.5,0.2
Trayce Jackson-Davis,28.7,32.8,58.0,12.1,22.1,0.0,81.3,55.1,14.9,7.5,7.5,7.9
Moussa Cisse,28.7,32.0,41.9,13.8,29.5,0.0,72.2,77.5,3.1,7.5,8.6,14.8
Thomas Bryant,28.7,32.2,62.8,12.2,14.8,9.1,88.0,54.7,8.6,8.8,8.1,7.4
Clint Capela,28.7,31.8,49.4,8.2,14.8,0.0,63.6,74.4,7.4,7.6,7.4,7.9
Luka Garza,28.7,33.2,61.3,19.6,25.9,8.1,98.3,46.6,7.8,3.5,8.5,2.4
Jonathan Mogbo,28.7,25.2,49.5,11.0,15.3,0.0,58.0,51.4,22.0,8.0,12.6,8.5
Jonathan Isaac,28.7,24.7,56.4,14.3,22.0,8.1,65.8,56.9,7.4,8.4,7.4,10.9
Joan Beringer,78.4,86.9,130.8,38.4,53.9,0.0,208.8,137.9,17.0,11.5,16.6,32.4
Khaman Maluach,78.3,71.2,129.4,27.0,38.1,7.7,179.5,182.2,8.0,8.8,32.2,43.2
Pete Nance,28.7,32.8,50.7,0.0,0.0,14.8,73.8,36.7,14.8,4.1,7.4,4.8
DeAndre Jordan,28.7,23.9,32.8,7.4,16.4,0.0,49.6,67.2,8.5,6.1,7.9,7.4
Drew Timme,29.1,33.3,65.0,7.4,12.5,7.5,74.9,42.2,14.9,6.3,12.1,0.0
