rank,name,pos,team,adp
1,Nikola Jokic,C,DEN,1.0
2,Victor Wembanyama,C,SA,2.5
3,Shai Gilgeous-Alexander,SG,OKC,4.0
4,Luka Doncic,PG,LAL,4.0
5,Giannis Antetokounmpo,PF,MIA,4.75
6,Cade Cunningham,SG,DET,6.0
7,Jayson Tatum,PF,BOS,7.5
8,Jalen Johnson,SF,ATL,9.25
9,Cooper Flagg,SF,DAL,10.0
10,Tyrese Maxey,PG,PHI,12.0
11,Alperen Sengun,C,HOU,12.25
12,Josh Giddey,PG,CHI,13.0
13,Anthony Edwards,SG,MIN,13.25
14,Scottie Barnes,PF,TOR,15.5
15,Donovan Mitchell,SG,CLE,17.0
16,Jalen Brunson,PG,NY,17.5
17,Tyrese Haliburton,PG,IND,17.5
18,LaMelo Ball,PG,MIN,20.75
19,Kevin Durant,PF,HOU,20.75
20,Domantas Sabonis,C,SAC,21.25
21,Paolo Banchero,PF,ORL,21.25
22,Karl-Anthony Towns,C,NY,22.0
23,Anthony Davis,C,WAS,22.75
24,James Harden,PG,CLE,23.5
25,Bam Adebayo,PF,MIA,26.5
26,LeBron James,SF,PHI,28.5
27,Deni Avdija,SG,POR,29.75
28,Jaylen Brown,SF,PHI,29.75
29,Kawhi Leonard,SF,TOR,30.25
30,Devin Booker,SG,PHO,30.5
31,Evan Mobley,PF,CLE,31.25
32,Stephen Curry,PG,GS,33.5
33,Jalen Duren,C,DET,34.75
34,Franz Wagner,PF,ORL,35.25
35,Pascal Siakam,PF,IND,35.75
36,Jamal Murray,PG,DEN,37.25
37,Amen Thompson,SG,HOU,39.25
38,Chet Holmgren,PF,OKC,41.75
39,Austin Reaves,SG,LAL,42.75
40,Kyrie Irving,PG,DAL,43.0
41,Trae Young,PG,WAS,43.25
42,Jalen Williams,SF,OKC,44.0
43,Trey Murphy III,SF,NO,45.0
44,Damian Lillard,PG,POR,45.75
45,Ivica Zubac,C,IND,46.75
46,Stephon Castle,PG,SA,49.75
47,Cameron Boozer,PF,MEM,50.5
48,Zion Williamson,PF,NO,51.0
49,AJ Dybantsa,SF,WAS,51.75
50,Joel Embiid,C,PHI,52.0
51,Darius Acuff Jr.,PG,SAC,54.25
52,Julius Randle,PF,BKN,55.25
53,De'Aaron Fox,PG,SA,56.0
54,Caleb Wilson,PF,CHI,56.25
55,Darius Garland,PG,LAC,57.25
56,Lauri Markkanen,PF,UTA,57.25
57,Walker Kessler,C,LAL,58.75
58,Derrick White,SG,BOS,60.0
59,Josh Hart,SF,NY,60.25
60,Ja Morant,PG,POR,60.5
61,Dyson Daniels,SG,ATL,60.75
62,Desmond Bane,SG,ORL,61.5
63,Jarrett Allen,C,CLE,62.75
64,Keyonte George,SG,UTA,62.75
65,Rudy Gobert,C,MIN,63.75
66,Darryn Peterson,PG,UTA,64.5
67,Brandon Miller,SG,CHA,64.75
68,Brandon Ingram,SF,LAC,66.25
69,OG Anunoby,SF,NY,67.25
70,Dejounte Murray,PG,NO,69.25
71,Kon Knueppel,SF,CHA,69.5
72,Tyler Herro,PG,MIL,70.75
73,Jaren Jackson Jr.,PF,UTA,71.25
74,RJ Barrett,SG,TOR,73.75
75,Donovan Clingan,C,POR,74.5
76,Dylan Harper,PG,SA,75.5
77,Jalen Green,SG,PHO,75.5
78,Onyeka Okongwu,C,ATL,78.25
79,Miles Bridges,PF,PHO,79.0
80,Immanuel Quickley,PG,TOR,79.5
81,Michael Porter Jr.,SF,BKN,79.75
82,Nickeil Alexander-Walker,SG,ATL,83.0
83,VJ Edgecombe,SG,PHI,83.75
84,Naz Reid,C,CHA,84.0
85,Paul George,SF,BOS,85.5
86,John Collins,PF,DET,87.25
87,Mikal Bridges,SG,NY,91.5
88,Derik Queen,C,NO,92.0
89,Coby White,PG,CHA,92.75
90,Jimmy Butler,SF,GS,93.0
91,Matas Buzelis,SF,CHI,93.5
92,Jakob Poeltl,C,TOR,93.67
93,Norman Powell,SG,CHI,94.75
94,Andrew Nembhard,PG,IND,95.25
95,Alex Sarr,C,WAS,96.0
96,Kristaps Porzingis,C,GS,97.0
97,CJ McCollum,PG,ATL,97.5
98,Isaiah Hartenstein,C,OKC,100.75
99,Ryan Rollins,SG,MIL,102.25
100,Kel'el Ware,C,MIL,103.0
101,Jaden McDaniels,SF,MIN,103.5
102,Jalen Suggs,SG,ORL,103.5
103,Payton Pritchard,PG,BOS,103.75
104,Ausar Thompson,SF,DET,104.25
105,Andrew Wiggins,SF,MIA,104.75
106,Fred VanVleet,PG,HOU,105.0
107,Nicolas Claxton,C,CHI,106.5
108,Aaron Gordon,PF,DEN,107.75
109,Mikel Brown Jr.,PG,BKN,108.0
110,Cedric Coward,SG,MEM,108.5
111,Keaton Wagler,PG,LAC,109.33
112,Saddiq Bey,SF,NO,109.5
113,Zach LaVine,SG,SAC,109.75
114,Brandin Podziemski,SG,GS,110.67
115,Collin Sexton,SG,LAL,112.0
116,Ty Jerome,SG,MEM,112.25
117,Myles Turner,C,MIL,112.5
118,DeMar DeRozan,SF,DEN,112.75
119,Dillon Brooks,SF,PHO,113.0
120,Nate Ament,PF,MIL,113.0
121,Jabari Smith,PF,HOU,114.0
122,Ayo Dosunmu,PG,MIN,114.25
123,Neemias Queta,C,BOS,115.0
124,Yaxel Lendeborg,PF,GS,115.25
125,Jusuf Nurkic,C,UTA,117.5
126,Julian Champagnie,SF,SA,118.0
127,Dereck Lively II,C,DAL,118.0
128,Nikola Vucevic,C,ORL,119.0
129,Bobby Portis,PF,MIA,119.0
130,Rui Hachimura,PF,LAC,120.0
131,Jaime Jaquez Jr.,SF,MIL,120.25
132,Keegan Murray,PF,SAC,120.75
133,Corey Kispert,SG,ATL,121.0
134,Zach Edey,C,MEM,121.0
135,Ace Bailey,SG,UTA,121.33
136,Kyshawn George,SF,WAS,122.0
137,Derrick Jones Jr.,SF,LAC,123.0
138,Dennis Schroder,PG,CHA,124.0
139,Reed Sheppard,SG,HOU,124.0
140,Davion Mitchell,PG,MIA,124.0
141,Cameron Johnson,SF,DEN,125.67
142,Malik Monk,SG,SAC,126.0
143,Peyton Watson,SF,CLE,126.5
144,PJ Washington,PF,DAL,126.67
145,Tobias Harris,PF,SA,127.0
146,Collin Murray-Boyles,PF,TOR,127.5
147,Anthony Black,PG,ORL,129.0
148,Ajay Mitchell,PG,OKC,129.5
149,Kingston Flemings,PG,ATL,129.67
150,Bennedict Mathurin,SF,NO,131.0
151,Draymond Green,PF,GS,131.67
152,Christian Braun,SG,DEN,132.0
153,Day'Ron Sharpe,C,BKN,132.67
154,Moussa Diabate,PF,CHA,133.0
155,Wendell Carter Jr.,C,ORL,133.0
156,Daniel Gafford,C,DAL,133.0
157,Toumani Camara,SF,POR,135.33
158,Scotty Pippen Jr.,PG,MEM,135.5
159,Klay Thompson,SG,MIA,136.0
160,Maxime Raynaud,C,SAC,137.0
161,Collin Gillespie,SG,PHO,137.0
162,Jerami Grant,PF,MEM,137.33
163,Mitchell Robinson,C,BOS,138.0
164,Santi Aldama,C,DAL,139.0
165,Devin Vassell,SG,SA,140.0
166,Jonathan Kuminga,PF,MIN,141.0
167,Morez Johnson Jr.,PF,DAL,141.5
168,Danny Wolf,PF,BKN,142.0
169,Quentin Grimes,SG,LAL,142.0
170,Mark Williams,C,PHO,144.0
171,Kevin Huerter,SG,DET,144.0
172,Shaedon Sharpe,SG,POR,148.0
173,Isaiah Collier,PG,UTA,149.0
174,De'Andre Hunter,SF,SAC,152.0
175,Naji Marshall,SG,DAL,153.0
176,Jeremiah Fears,PG,NO,154.0
177,Jrue Holiday,PG,POR,156.0
